{"cameraMode":{"drawMode":0,"name":"Shaded","section":"Shading Mode"},"sceneLighting":false,"audioPlay":false,"sceneViewState":{"showFog":true,"showMaterialUpdate":true,"showSkybox":false,"showFlares":true,"showImageEffects":true,"showParticleSystems":true},"in2DMode":false,"pivot":{"x":687.8999633789063,"y":-17.399993896484376,"z":0.0},"rotation":{"x":-0.07780738919973374,"y":0.053809743374586108,"z":0.004205813631415367,"w":0.9955063462257385},"size":520.4884033203125,"orthographic":false}