{"cameraMode":{"drawMode":0,"name":"Shaded","section":"Shading Mode"},"sceneLighting":false,"audioPlay":false,"sceneViewState":{"showFog":true,"showMaterialUpdate":true,"showSkybox":false,"showFlares":true,"showImageEffects":true,"showParticleSystems":true},"in2DMode":false,"pivot":{"x":312.13726806640627,"y":132.96560668945313,"z":-139.89889526367188},"rotation":{"x":-0.06984463334083557,"y":-0.2388267070055008,"z":0.017225133255124093,"w":-0.9683939814567566},"size":1003.8592529296875,"orthographic":false}