{"cameraMode":{"drawMode":0,"name":"Shaded","section":"Shading Mode"},"sceneLighting":false,"audioPlay":false,"sceneViewState":{"showFog":true,"showMaterialUpdate":true,"showSkybox":false,"showFlares":true,"showImageEffects":true,"showParticleSystems":true},"in2DMode":false,"pivot":{"x":0.6600000262260437,"y":0.17900002002716065,"z":0.5199999809265137},"rotation":{"x":-0.47165200114250185,"y":0.5256264209747315,"z":-0.46240660548210146,"w":-0.5361356139183044},"size":0.7427666783332825,"orthographic":false}