{"cameraMode":{"drawMode":0,"name":"Shaded","section":"Shading Mode"},"sceneLighting":false,"audioPlay":false,"sceneViewState":{"showFog":true,"showMaterialUpdate":true,"showSkybox":false,"showFlares":true,"showImageEffects":true,"showParticleSystems":true},"in2DMode":false,"pivot":{"x":-33.599998474121097,"y":1.0,"z":11.790000915527344},"rotation":{"x":-0.47165200114250185,"y":0.5256264209747315,"z":-0.46240660548210146,"w":-0.5361356139183044},"size":5.135014533996582,"orthographic":false}