{"cameraMode":{"drawMode":0,"name":"Shaded","section":"Shading Mode"},"sceneLighting":false,"audioPlay":false,"sceneViewState":{"showFog":true,"showMaterialUpdate":true,"showSkybox":false,"showFlares":true,"showImageEffects":true,"showParticleSystems":true},"in2DMode":false,"pivot":{"x":616.786376953125,"y":325.9387512207031,"z":0.784942626953125},"rotation":{"x":-0.016492852941155435,"y":-0.02699362486600876,"z":-0.0004454974550753832,"w":0.999499499797821},"size":649.7985229492188,"orthographic":false}