{"cameraMode":{"drawMode":0,"name":"Shaded","section":"Shading Mode"},"sceneLighting":false,"audioPlay":false,"sceneViewState":{"showFog":true,"showMaterialUpdate":true,"showSkybox":false,"showFlares":true,"showImageEffects":true,"showParticleSystems":true},"in2DMode":false,"pivot":{"x":95.41112518310547,"y":84.13792419433594,"z":-2.69091796875},"rotation":{"x":0.09298332780599594,"y":-0.16940899193286897,"z":-0.01605699397623539,"w":-0.9810183048248291},"size":245.44349670410157,"orthographic":false}