{"cameraMode":{"drawMode":0,"name":"Shaded","section":"Shading Mode"},"sceneLighting":false,"audioPlay":false,"sceneViewState":{"showFog":true,"showMaterialUpdate":true,"showSkybox":false,"showFlares":true,"showImageEffects":true,"showParticleSystems":true},"in2DMode":false,"pivot":{"x":-4.730000019073486,"y":1.0,"z":11.739999771118164},"rotation":{"x":-0.2706485092639923,"y":0.11231653392314911,"z":-0.031811125576496127,"w":-0.9555744528770447},"size":4.041658401489258,"orthographic":false}