{"cameraMode":{"drawMode":0,"name":"Shaded","section":"Shading Mode"},"sceneLighting":false,"audioPlay":false,"sceneViewState":{"showFog":true,"showMaterialUpdate":true,"showSkybox":false,"showFlares":true,"showImageEffects":true,"showParticleSystems":true},"in2DMode":false,"pivot":{"x":-2.39996337890625,"y":16.475311279296876,"z":-5.578372955322266},"rotation":{"x":-0.020670147612690927,"y":-0.03385523334145546,"z":0.0006975805154070258,"w":-0.9992128014564514},"size":3.4628958702087404,"orthographic":true}