{"cameraMode":{"drawMode":0,"name":"Shaded","section":"Shading Mode"},"sceneLighting":false,"audioPlay":false,"sceneViewState":{"showFog":true,"showMaterialUpdate":true,"showSkybox":false,"showFlares":true,"showImageEffects":true,"showParticleSystems":true},"in2DMode":false,"pivot":{"x":25.36347007751465,"y":-0.3044395446777344,"z":12.607269287109375},"rotation":{"x":-0.05396735668182373,"y":0.014681678265333176,"z":-0.0007936182664707303,"w":-0.9984344840049744},"size":22.0,"orthographic":false}