{"cameraMode":{"drawMode":0,"name":"Shaded","section":"Shading Mode"},"sceneLighting":false,"audioPlay":false,"sceneViewState":{"showFog":true,"showMaterialUpdate":true,"showSkybox":false,"showFlares":true,"showImageEffects":true,"showParticleSystems":true},"in2DMode":false,"pivot":{"x":593.0596313476563,"y":253.3964080810547,"z":36.867919921875},"rotation":{"x":-0.022498425096273423,"y":2.2816570321992914e-7,"z":-2.0437131098560714e-8,"w":0.9997469186782837},"size":446.95904541015627,"orthographic":false}