{"cameraMode":{"drawMode":0,"name":"Shaded","section":"Shading Mode"},"sceneLighting":false,"audioPlay":false,"sceneViewState":{"showFog":true,"showMaterialUpdate":true,"showSkybox":false,"showFlares":true,"showImageEffects":true,"showParticleSystems":true},"in2DMode":false,"pivot":{"x":317.2757873535156,"y":313.7318115234375,"z":-3.32952880859375},"rotation":{"x":0.04348505288362503,"y":0.00749282818287611,"z":-0.0003261427627876401,"w":0.9990259408950806},"size":854.9917602539063,"orthographic":false}