{"cameraMode":{"drawMode":0,"name":"Shaded","section":"Shading Mode"},"sceneLighting":false,"audioPlay":false,"sceneViewState":{"showFog":true,"showMaterialUpdate":true,"showSkybox":false,"showFlares":true,"showImageEffects":true,"showParticleSystems":true},"in2DMode":false,"pivot":{"x":533.3026733398438,"y":280.7257995605469,"z":-410.65582275390627},"rotation":{"x":-0.010499908588826657,"y":-0.001499917241744697,"z":-0.000015726773199276067,"w":0.9999437928199768},"size":29.800464630126954,"orthographic":false}