{"cameraMode":{"drawMode":0,"name":"Shaded","section":"Shading Mode"},"sceneLighting":false,"audioPlay":false,"sceneViewState":{"showFog":true,"showMaterialUpdate":true,"showSkybox":true,"showFlares":true,"showImageEffects":true,"showParticleSystems":true},"in2DMode":false,"pivot":{"x":-2.4000015258789064,"y":16.793380737304689,"z":-4.715105056762695},"rotation":{"x":0.054257918149232867,"y":-0.7127847671508789,"z":0.055485472083091739,"w":0.6970763206481934},"size":2.2914607524871828,"orthographic":true}