{"cameraMode":{"drawMode":0,"name":"Shaded","section":"Shading Mode"},"sceneLighting":false,"audioPlay":false,"sceneViewState":{"showFog":true,"showMaterialUpdate":true,"showSkybox":false,"showFlares":true,"showImageEffects":true,"showParticleSystems":true},"in2DMode":false,"pivot":{"x":10.800000190734864,"y":1.369999885559082,"z":-323.5},"rotation":{"x":-0.26809337735176089,"y":0.6538249850273132,"z":-0.26761311292648318,"w":-0.6549977660179138},"size":11.431534767150879,"orthographic":false}